{
    "auc": 0.6476177456394576,
    "best_threshold": 0.24663666387399039,
    "best_f1": 0.4549808428689266,
    "calibrated": true
}