{
    "auc": 0.6474980516990678,
    "best_threshold": 0.2507707128922145,
    "best_f1": 0.4551163649360803,
    "calibrated": true
}