{
    "best_params": {
        "subsample": 1.0,
        "scale_pos_weight": 3.0,
        "num_leaves": 31,
        "n_estimators": 400,
        "min_child_samples": 40,
        "max_depth": -1,
        "learning_rate": 0.02,
        "colsample_bytree": 0.6
    },
    "best_threshold": 0.46915458831450463,
    "best_auc": 0.649207301916514,
    "best_f1": 0.45472238118307196,
    "trained_at": "2025-11-20 19:47:05"
}